"y","x1","x2","x3"
20283.3047446572,60.1772994018247,199.188565142961,"A"
12855.8859709634,47.1448813191512,191.762046718886,"C"
16713.9726034812,56.8172046848857,197.758223613925,"B"
16560.6987326474,53.7525506646661,206.358334822224,"A"
15625.5454540739,52.61910352832,197.304963623512,"A"
9625.12445326996,37.0379453202781,204.208914070639,"A"
16685.9064802315,48.2596285428752,198.449930087297,"B"
15002.3496467125,52.2551638910295,199.621754067878,"B"
15849.6437898844,50.6776864361298,201.554882145984,"A"
19787.8445152891,62.4279493649885,200.298789112334,"C"
17899.4510277536,55.8546067856871,195.928955073131,"A"
15358.4981323179,52.3157607491644,192.826249759008,"B"
17221.6209243744,52.8834837184023,200.653678924833,"B"
15381.6860233756,50.040091253259,202.02886541355,"A"
18340.0327892438,58.57027048397,201.28442655378,"A"
12893.7726351703,43.6842488963857,199.662865529292,"A"
15892.0628230268,51.1669530110908,205.726861393774,"A"
16037.2311892309,50.1265501436167,200.88376766181,"A"
16821.6035264039,54.504324243406,200.518244653999,"A"
12477.4569536389,36.6287648004392,209.107778759766,"C"
17259.9688805183,52.5265685688831,203.570000661801,"B"
16062.8350213675,52.2578773827785,198.983359375269,"C"
20107.5155855375,57.4347227077476,200.549549235151,"B"
15675.9297993465,50.9527119720813,192.874332773421,"A"
20085.2133710471,58.2860872443974,212.068111204332,"B"
16395.0773962625,58.6322736386394,200.998126690075,"C"
13856.9998251295,51.1486685476598,206.554104689483,"A"
12885.6871699722,40.2392534771121,199.030750619978,"A"
16519.1977943034,53.5202181448094,202.715075323651,"B"
19044.1964410318,63.3714018388894,203.623020576807,"B"
12946.3144634734,41.8577637480407,196.424386851421,"B"
17044.7554976744,54.2967334944804,206.200313635802,"A"
15229.5931954357,50.9666284149465,199.078572182719,"A"
16183.1454804516,50.2157889672898,198.589837519509,"B"
17264.6961918897,50.6167123048231,192.343593926406,"C"
17234.7334297094,52.23492651104,199.491708649629,"A"
14002.5777594649,47.7476829040201,200.145625317194,"B"
19238.2390945392,59.7303152204457,197.65123601257,"C"
16570.795250075,55.843280619365,203.310372535959,"A"
19083.5570801223,59.4755807698972,203.196149115875,"C"
14406.8924018385,50.6615224300057,197.820174189549,"B"
14795.4043452996,47.7536938353958,207.445803774025,"A"
19321.2684279239,52.6475424801894,202.335086567031,"B"
13383.8099194523,47.3347780187568,198.00377764018,"B"
17651.9750105307,55.7985536082892,202.907863600008,"C"
11667.6291454789,41.8256609411404,202.747876462148,"C"
15418.0397480274,51.6513954234113,202.207490279744,"B"
14114.6282447504,40.2274036900715,199.871483025964,"A"
13709.1952048335,51.5564563928467,196.927416982649,"B"
17292.771318203,57.7412797180388,205.096779331488,"C"
16648.7448858657,49.1739875493384,202.705801755734,"B"
14684.4704904547,44.8738911714413,207.859885331761,"B"
19205.6000085957,57.7285839521346,198.573171006885,"C"
16273.6980604932,46.0785163473428,207.404346801935,"B"
17333.0504383123,54.0477995567663,193.924553659057,"C"
12544.0099149772,46.2266458300611,197.52764115948,"B"
18663.6757905232,54.1317425381105,207.538461709733,"A"
19329.2175300749,57.9102006418321,195.420711348732,"C"
13503.8550295862,48.7854036874153,199.841085436997,"C"
7022.06762871724,28.872636557456,193.817460565132,"B"
10893.3185490439,36.8117881411913,197.531385291512,"A"
15951.1765370549,56.0264331300846,201.597375464391,"A"
15473.9376520756,53.5778032637146,200.268032696512,"B"
16847.8463221192,51.2882547962394,209.536736716856,"A"
16693.966018164,51.0227484038803,203.366989186922,"B"
14157.3171217473,50.5672474027098,201.926938429176,"B"
18207.1893688231,55.2691846166017,207.247666690874,"C"
15347.6813581168,45.3240510021959,202.488592615699,"B"
11645.2315028507,47.7070838921361,193.469710019036,"A"
16640.6682415095,50.0760088259492,198.506720835051,"C"
17153.9434444178,55.3866765774372,200.454806890138,"B"
17811.0001914912,53.0321791013713,198.746412726391,"B"
16849.1201305516,54.3018406078862,198.479150604807,"A"
13657.1527008959,48.1007013287424,197.475640937307,"A"
16653.2473379566,50.9179075519155,206.047022547513,"A"
14338.6833153299,44.3005653819705,197.527751248518,"A"
16086.5306309312,52.9610275820565,189.749887893838,"A"
14890.4139941556,46.5281126824713,201.395009511233,"B"
15352.7172699381,49.0754471399266,203.654030112571,"B"
18711.7867178429,59.4052936893679,205.263468010888,"A"
16185.8700215463,47.3565308610065,203.984589410009,"B"
14850.7829983948,50.2420380384841,201.102086931039,"A"
14260.4802776792,47.1942284493857,195.023506296349,"A"
18052.5700227281,52.110267586199,204.760867797303,"B"
19740.246716178,65.9442736539145,203.970095160544,"A"
17117.2969081694,55.8414846288307,204.301283274198,"B"
13657.378961727,47.8902194775201,191.992140687935,"A"
14114.3616991579,42.2544537796071,197.835968619312,"B"
17486.8768059706,51.511589489145,202.912137564336,"A"
11397.8085718862,36.5195776325754,200.309340649572,"B"
15845.4830054057,50.8327004758347,199.343039945642,"A"
18404.8767596331,54.1980682335137,200.82328600942,"B"
16881.1478153969,50.7996080542413,199.957508507741,"C"
15522.0514741834,51.35556316714,199.245674942231,"A"
12001.0745228481,34.3328360091444,196.105860871995,"B"
10165.4255427817,37.767251473369,199.124983844883,"B"
12704.4168127011,43.4947873639336,189.370429228429,"B"
15885.7229316834,48.1990293880127,200.554935206993,"B"
15240.2943488271,49.9815761829251,199.167561265703,"B"
14732.5351732936,47.304555702683,199.757882678699,"A"
14267.3522295572,45.2095313140445,199.629178899654,"B"
14848.473042343,49.3984611323599,190.097125534682,"B"
17417.9401314097,52.2414115676746,200.654255872411,"B"
14970.5040158943,52.0968336505552,186.991185432059,"B"
14446.0394257154,44.4490591329569,212.455104828034,"C"
12685.095709078,43.246892379986,203.594612071287,"B"
15341.1182119312,46.0428844445592,199.74163846867,"C"
16865.0709811215,48.846574234469,201.508695612633,"C"
16178.1659945305,55.3395604508799,206.113772701786,"B"
12196.7768862679,42.4291188698889,201.532688173712,"B"
14452.8865446455,47.0155281132911,199.331718517725,"B"
16779.8643577253,57.926845180709,189.170538532622,"B"
18002.6433396849,56.0354198837505,199.261582623027,"C"
12478.7476516643,46.118042279307,202.421808833436,"B"
16727.4882554705,52.8520455451673,205.48324916046,"C"
13040.5560795523,42.4059664626741,199.756958110137,"B"
15285.6471724915,45.855778467435,197.525986062206,"A"
9437.90995255633,37.7034080788904,198.163512111604,"B"
14271.0394690716,48.3045985990101,197.496309593289,"B"
21554.4498143533,68.2429751025686,199.951670982929,"B"
13078.8935234895,50.3400857600942,198.58622295954,"B"
13101.0525818534,45.5004286485707,191.402416990471,"C"
13088.6314983,46.7925959777793,199.748984327782,"C"
14521.6479099433,48.0401105940921,201.116174958367,"B"
14212.9973005656,51.5412466292569,193.769111510025,"A"
16137.6872778911,54.7784459278396,200.03189297902,"B"
13971.5384676962,49.3517878377751,200.017673916786,"C"
9924.99267717381,41.7384358456987,198.60779003743,"A"
15137.7956330694,50.9958955458342,198.607764320143,"A"
14528.2299261366,49.8687295656399,195.223672000981,"A"
15671.9084266833,53.9293820240224,198.534089712498,"B"
15640.3686897085,51.9317317329365,182.907198444613,"B"
16402.3277446889,53.7365634263759,200.315663564092,"C"
14710.1426402046,52.1113995686489,201.695970403212,"B"
18565.2038330052,55.1395490885051,204.604859165343,"A"
15335.5024247445,48.2290437906829,195.916322370222,"C"
14724.9272908036,54.2182428581722,203.442101767106,"C"
14065.8366489536,45.0988419877234,201.540357806475,"A"
14949.7810783665,51.1600398930555,188.34899491941,"A"
15072.7775385805,46.9799964800055,202.145415017501,"C"
22336.2099077639,70.2210639039316,200.423089232857,"A"
17887.5132522342,53.5890737266846,204.089149092048,"B"
15885.2011610337,57.5745976435972,201.245369384257,"B"
15389.6873371091,49.2868539713688,200.907809656885,"B"
21587.9012005541,64.1849535955386,206.089714629011,"A"
13259.4003456588,39.582220563835,201.453094964162,"B"
19051.6188509744,51.7896780338304,198.106371081626,"B"
16506.0474583586,51.5068920560599,198.846178992562,"A"
16741.1480562905,45.6986760262892,198.861571404518,"C"
13972.3570637983,41.3721158816977,196.237972438339,"B"
15784.0411925588,53.340494201677,201.102837252797,"C"
15200.4662168077,51.7260752429358,198.320837656637,"C"
14503.5685613115,45.7456303063043,201.949361056381,"A"
13927.2174242033,47.4787092533218,203.818757034546,"C"
17370.7398512897,52.0196442866026,202.924726775992,"A"
14941.2282371343,52.5254547370021,204.768307052212,"B"
14312.3055573331,51.6759811408126,191.467114161599,"B"
21521.989406262,58.6278792515224,197.769810838769,"B"
15908.5532862397,49.3220256170146,200.583616199685,"B"
19945.1572588121,62.7846006313705,202.134064301076,"B"
18009.2043155883,52.7727893180006,198.696255730412,"B"
14103.1754359555,46.6916107936532,196.052527819397,"B"
18710.3997289804,58.1492290807997,201.32646693224,"B"
15138.6462389473,53.6308017887774,201.404879436086,"C"
10461.8025594532,35.8944461557535,190.283435375786,"B"
18289.4356524877,56.7989334844273,201.812231622364,"B"
16660.4064976336,52.7758182059585,202.835958783352,"C"
12470.895000834,43.5348674576023,199.376035726739,"A"
13055.0086551114,48.2626544460315,193.217616879466,"C"
11913.0132666074,43.7024191679125,191.239962607914,"A"
14685.3683171123,47.7792475075262,200.788171788191,"C"
17468.1367866141,49.1036959541437,205.898708119673,"B"
17185.2238509052,59.9782650548694,201.364060142476,"C"
15385.5986460906,50.1926893567287,197.081659491484,"A"
9830.85145041455,35.0783545175436,198.569355914577,"A"
14343.1502217999,51.5009783427028,197.439538717906,"A"
15653.1314431938,53.2541219727334,202.211272729724,"B"
17567.0194235439,55.9744805129845,199.26644130691,"B"
16326.8337983527,49.8253526612764,194.711734743816,"A"
16437.8946888836,52.8352754679773,193.599063688134,"C"
16218.3836597106,48.1755730546118,197.578714064968,"B"
15176.3087274122,47.11184993657,205.839196493826,"C"
17419.0682119562,48.8461066116746,198.608758052152,"B"
14648.2364856831,48.1246117963397,201.781806140114,"B"
11475.489761938,36.8365966842055,196.536596259289,"B"
16693.1263152152,51.9559032010471,200.068595137976,"A"
15303.0315382236,49.0098337640003,202.917166330933,"C"
10267.8285715575,38.0135748149103,198.972467326078,"B"
14921.658574801,47.5263438970739,202.394421340528,"B"
14991.2217616207,52.5148139762616,194.495171186922,"A"
13751.6345190522,47.7158473781608,200.19677338426,"B"
14862.3447261739,52.2566029735858,198.854253739404,"C"
16452.4031510376,53.1798946967225,200.55464954735,"B"
15226.3787300374,43.7196967671423,201.649261586202,"C"
15220.29641278,43.328369117637,198.033500247838,"A"
17108.6396225284,55.8182750124549,196.244880735119,"B"
17454.0783413603,51.8867109083984,199.466129646039,"B"
13519.2202496905,45.5141289739023,198.960952289959,"A"
14950.5279417859,47.1722985915242,190.273559100867,"B"
17467.9628430779,53.9256601573231,200.324687968886,"B"
19457.2975194982,60.1056449089019,201.887898494766,"B"
13555.5865959852,47.0253721505036,204.685727605878,"A"
13177.0225615756,52.9225248169131,200.912668976595,"B"
13103.1024682093,46.2587970304286,205.413006139844,"B"
16644.6543153261,49.9856021116131,203.304877103543,"A"
14132.8347340484,40.772761295177,198.832551026687,"B"
13799.1756342114,53.8383776610367,194.907347356345,"B"
14491.1909134936,45.7198804852989,201.597090907854,"C"
14832.6026215783,48.6428889618461,198.242204318563,"C"
15212.4777209025,47.4203473716366,201.002881334847,"C"
11695.470572824,39.7092529239814,202.663195488172,"A"
15031.7767011772,53.8717858694943,197.782992805297,"B"
16411.5153735622,47.9431634112645,197.785064447059,"B"
14852.5267761847,49.713583855457,198.302007573819,"B"
20674.199290675,67.9411207946201,203.274863917844,"C"
16950.495868008,54.6006271873254,200.9523594362,"B"
15817.4583092174,53.4100999612961,196.877028760941,"C"
19437.0947488564,60.1916670715031,199.148116883362,"C"
16739.6049115113,49.7151374142262,202.402853864283,"C"
12725.9898919875,42.120996975062,196.023489028453,"C"
15614.5432685277,47.2989684176681,202.744209628611,"C"
14880.3121117169,44.8775231466041,207.282691980256,"C"
18791.5656420599,54.6874931317129,200.567690867218,"B"
14658.87345979,55.6527001782777,200.740376965002,"C"
19143.0949294457,57.3575839772072,203.046920075333,"B"
17599.7818112363,55.462020462021,197.176824209754,"B"
14121.5034198892,48.1798822635449,188.558250599518,"A"
17070.9726787408,54.0719619633718,199.362043533389,"B"
15466.4591993803,50.18630646341,199.60845117515,"A"
12492.6412341867,44.403359498739,192.079944936099,"A"
11408.1207052828,38.7505039169075,195.284585446975,"B"
15623.8414052567,54.8479884411365,188.369681490389,"C"
16593.9369582655,56.5297165162431,201.850772496801,"B"
15858.0955558419,45.4628346252163,202.523227863468,"C"
15224.1494958296,54.7515116073101,204.206031465016,"B"
21161.8614151328,68.9032602231522,202.009176569599,"B"
15456.9844335974,48.8891551518981,198.106955969201,"C"
10468.9476146513,39.8294446776816,199.937208442493,"A"
15081.1031097222,50.1177982784494,204.638563785041,"B"
15521.4293638206,45.7811965452405,206.933433844943,"B"
17200.0989781417,54.6056512956913,203.265422623418,"B"
15096.5731712999,50.7442141313237,203.048735198361,"B"
14999.6799803766,49.8511844923949,204.584940987524,"B"
14314.9460531548,47.1337388029143,196.076802143099,"B"
12408.8484203182,41.2674486998537,199.595703926341,"C"
13915.5340028997,47.4997545282182,199.896154699633,"A"
16935.265896965,52.588242067254,202.658902605511,"C"
12743.0922443179,43.9712391112285,197.243255013726,"B"
15622.7772800639,48.9410297696597,205.820531675618,"C"
14198.6719809573,46.3380549107282,191.08876356888,"A"
15341.3668448688,44.8259122774803,196.72677072372,"A"
13263.9445350708,49.909101653913,202.910781601942,"A"
15824.8715575425,48.019377137972,202.233353853185,"C"
15055.8578690714,52.5230703813169,199.33866508473,"B"
16647.0800781318,49.0489724439408,200.577029227974,"B"
15782.54644158,49.3737218608399,204.433943003906,"B"
15180.2532425026,51.7372735885948,194.348584983113,"A"
14241.1376490507,50.504865068201,201.24145795432,"B"
16832.8967933726,51.5129298504255,198.607621161369,"C"
21578.0584664676,67.7144956591178,202.141303355871,"A"
13897.8854895849,44.7446642289982,201.23174434005,"A"
14897.197225419,48.5834551866727,189.701665561305,"B"
18364.8918425414,60.5981789792403,198.285984384573,"B"
15402.4217475403,49.6296777492115,210.157612452807,"B"
15201.2221045183,46.5635149664019,201.108023802279,"C"
13717.5530564979,42.9771749676806,202.973217598064,"B"
15079.023358967,53.7982430981527,202.702349827363,"A"
13469.1240757221,42.8856816027767,197.917499836372,"A"
14360.1423552287,50.304996034249,200.243885936055,"B"
15087.4208919403,51.0765255215846,193.865799250378,"C"
18478.6765161884,62.2958926907513,196.41976485095,"B"
15054.2573931012,48.9115496698722,202.033593042932,"A"
14053.0663038,48.5152439014913,199.234950053254,"C"
16250.3849490712,47.1036988795471,206.711477949627,"B"
12398.1509381433,43.3992179121784,193.332721273549,"B"
17944.2316064386,58.7172597196541,199.28009265889,"A"
15764.1748775791,51.6060962878241,202.569758323355,"B"
15935.2461610707,55.0079396053487,202.015854929696,"B"
15994.0914166298,49.6075999545429,209.407705470556,"B"
19167.4627205148,60.6542339079256,209.580914540106,"B"
15131.0096120918,44.6803682465959,199.241688575788,"A"
14792.385263236,51.908804402703,204.496661089312,"A"
15464.8070719169,55.2764188557695,197.640163547195,"B"
13814.251904534,52.0389050688342,189.77246951113,"B"
15844.2435875811,55.8578696511391,206.351209830264,"A"
17201.8765604971,49.7570708066776,198.10321332597,"B"
15179.6055653503,45.8455040080947,199.751913078312,"B"
15677.6061906125,49.0662010625221,198.543172113372,"A"
15281.1015090439,51.5128045966414,201.865306050637,"B"
15034.3443660975,37.5483963183082,203.484450794454,"B"
14725.8418399012,44.8134676296048,198.139314666237,"A"
15245.7115496153,49.7750371104015,202.898113669861,"C"
14969.2143334357,51.6387155979029,201.357098916742,"B"
13312.1779035532,47.9726293470573,199.062294159581,"A"
13301.8804463525,42.4627014098605,197.596698645095,"B"
15825.7737932061,56.4492565263091,202.965212404553,"A"
15291.9465036602,44.4776841624769,204.293417559607,"C"
19037.8836637972,59.0802349973245,199.572490861578,"B"
14126.7518586427,47.4689930908862,198.998267669942,"C"
17212.5100984537,54.0929291919976,193.327845905302,"B"
12887.1471826816,39.159627146934,203.091378603967,"A"
15342.1393551601,48.01108800479,201.824419586382,"C"
14477.5217124728,55.0440036908957,200.328206364299,"B"
12907.1748789811,48.6031913513968,196.206361001354,"B"
12795.3622356287,46.559361411691,196.680261048195,"C"
14789.434527018,55.3938259519465,198.034684630598,"B"
13262.9543218435,46.6620729981132,204.789125668332,"A"
14535.3846869046,50.3509882805681,200.774458425846,"C"
12669.745009861,48.1713534896257,198.787656283891,"C"
17898.0343280213,58.5541543938146,194.730794952302,"C"
16166.6264372359,53.4281600798236,204.035841819417,"C"
14667.7479044433,49.7796412177601,198.915261331635,"B"
13921.8690629121,50.2234680237187,199.923527840061,"A"
14568.0789074408,47.1080578287265,204.561417358233,"B"
16679.7701682648,52.1522715370216,208.358323311041,"A"
18702.7120032381,52.2572988793941,202.251880146427,"C"
16989.737844578,51.2420359201779,195.806565939722,"C"
16176.4719789159,53.3396476891813,199.619358806372,"B"
13820.1847410144,49.8637104663977,190.465242163016,"A"
18133.0088438521,58.3860568410976,201.360833352553,"C"
13786.7853373252,44.3612909867846,199.367356377663,"A"
14100.5649873673,45.926615071459,209.110869997548,"B"
14978.8289619918,47.6426083308508,197.775635337822,"A"
17642.1013768347,55.5739112344238,195.468597123398,"A"
12176.7989970173,36.5536067080238,207.847393700284,"C"
16942.9650104694,47.9390391962451,201.436279804646,"C"
14448.2379571185,51.5420889537943,204.827443105679,"A"
18615.3587009462,56.0408722356326,202.954359768534,"B"
15104.8097829884,51.3264354064546,206.20292465493,"B"
17633.354604487,57.0249769581059,202.448313658373,"B"
15399.5478571257,50.5896822972235,203.749440458961,"C"
16743.4645189253,56.3735941488695,197.154255794491,"B"
17248.006255605,50.2887522958154,198.682902404103,"B"
16059.7396455494,50.9611701940138,203.023099553283,"C"
19202.6192979854,62.1615881895031,199.943800788888,"C"
14307.2122393009,53.4706865754621,196.15055636612,"A"
16732.59521801,48.9621321645073,204.476965931519,"B"
12249.4960568721,39.1984080207704,199.496719229257,"A"
16804.3101486862,51.9908321854631,198.623679783463,"C"
17196.3199448372,56.8007950442255,197.381814921151,"B"
18271.4354301515,58.3318319553167,202.630170045958,"B"
15937.1560046977,53.0563330351823,198.711172542725,"B"
12621.2266181929,47.6117882776576,201.198795084482,"C"
14565.4071079462,47.3780435118019,200.565237531904,"B"
16420.1134979151,50.9503063537493,200.619358405618,"C"
12203.6052031193,47.264547075186,198.283993484108,"A"
15944.475408386,46.2751008796865,200.922459362846,"B"
16346.513677412,52.3781993015206,198.656338088875,"C"
15114.5420633008,50.9161884817563,196.478555735676,"A"
18239.4644286,57.6151221930036,205.619638367702,"C"
17683.3506174969,52.2261141600463,201.31989620797,"B"
12468.6963977745,44.1478582954363,199.133988907017,"A"
15397.6485445954,46.7880484835231,201.341254623421,"A"
15184.1912761219,50.8025237135387,199.290229883223,"B"
19193.3793799615,59.1840376245053,201.164734217971,"C"
15074.4394977482,50.2088177753113,195.874761314031,"C"
15447.7303525627,47.9929228874592,194.481414196611,"A"
17059.4202087253,51.4064109017741,200.39241556061,"A"
18149.771141476,48.7278424672678,195.558515989047,"B"
12164.76651811,42.7974364730883,188.776080770462,"A"
15483.6762429841,53.105387410435,198.196057221587,"A"
15617.4224881751,47.2698074317694,198.909532677643,"B"
15418.4529724989,57.7422117992765,197.614102072439,"B"
12393.703348849,45.7905025136829,196.911251766285,"A"
13763.6755688491,45.6114207953464,202.131111647919,"B"
16499.6098544756,53.18382001026,200.540969526421,"C"
14568.619894268,46.0515281508918,203.14365607708,"B"
14653.2816772447,44.5904799282129,199.945714864556,"B"
16619.6624689286,54.795815536778,198.346045598667,"A"
13260.6283039755,44.0021086810357,198.249934214804,"C"
18032.2560602894,53.9356204188371,199.538387112571,"B"
16262.6317506892,46.5892268481329,210.0129004134,"C"
15060.273783514,50.4138687712091,200.859148185099,"B"
13948.4906288329,46.3847191181053,198.327703743362,"A"
12983.2725041383,49.5488007895314,188.762406723717,"C"
17634.5424325583,65.4808592696381,201.638854639671,"C"
15801.2516216214,51.210225143349,205.73140053825,"B"
14953.6310144421,48.9205316204903,201.729713608363,"B"
17652.0677739902,51.8871374031396,191.701886521177,"B"
14124.5302301279,44.2005970003466,202.783698373253,"C"
13140.6748382153,48.9980243834766,199.967588896004,"A"
15740.1004118519,51.5760956388966,197.486617436309,"A"
18187.605567823,58.9550943720572,200.735832858857,"B"
14371.1796086277,48.0237737615379,202.352278350715,"A"
13699.2675762847,45.5143398682059,197.06609244788,"B"
13285.6040495144,44.9273601097538,200.129652958417,"B"
16517.4596861898,54.1476432613979,202.314616137209,"B"
13192.454534815,43.5735719509406,200.350889689635,"B"
15220.0637229063,50.0165451338777,196.110550835848,"B"
14475.5325083329,47.3713496979625,205.985615131777,"C"
13355.0330563462,53.3318020905138,201.440716170305,"C"
15127.6347989572,51.5189236900587,205.315006385502,"B"
14734.2734288531,54.015534701886,200.480148585844,"B"
15686.9288183964,50.0500837590536,205.051096935447,"C"
15372.1505034146,42.7853443473929,211.159107080361,"B"
16998.3144366977,57.6528374976035,201.585011303793,"C"
13775.2763986347,48.4620100575502,194.65039011391,"B"
14295.8967645226,45.6601972672224,199.869101174385,"C"
13953.4198811009,45.9390747929662,200.740629018824,"A"
17401.4772363377,63.4645790583416,206.519204668866,"C"
13507.6231423374,49.9020516878451,197.41581492892,"A"
15116.5600899647,50.4668043657355,199.795543961744,"C"
14325.6907644597,45.71231658265,200.128853956636,"C"
14596.7689279303,48.5025827984683,188.531688691618,"C"
11934.197897854,45.6258062218046,196.239636023675,"B"
15877.7845648807,44.4285700054318,197.005354804796,"A"
13721.5636033132,50.9018467597969,193.85817215151,"A"
14247.5263037736,47.4435629190747,197.568998363666,"B"
13271.3011445164,50.5295525246966,202.245412902453,"B"
8960.24730638683,29.8187581569973,191.462934426941,"C"
13403.8018798634,34.7907824409462,195.042620883745,"A"
14632.1467342916,44.6666958782147,207.693298909224,"C"
20106.2414732179,65.2936114749414,201.147313531708,"B"
14949.3836171101,52.2053117788829,200.547277144979,"C"
15304.4988324887,45.6013046570937,204.543600358623,"B"
16017.277968411,52.6025023099811,201.79808626516,"A"
14878.5297405831,53.649176619329,193.441075467845,"B"
9961.07532341519,35.1593599409529,198.690768076484,"C"
16486.2259876708,52.4363154372791,195.949314530099,"A"
16418.2896355522,59.2816909131466,197.414953646408,"A"
12863.6280916187,33.2249522820935,201.386264269613,"A"
13650.436943394,50.1122750072053,195.544580432871,"B"
17405.7617485106,50.5834288486084,198.768656948407,"C"
14158.1067701103,47.8973326369477,196.759159523568,"A"
15060.2230561531,49.2989893324051,194.296902308846,"C"
15064.9321617057,47.4672812478516,200.916390335483,"C"
15662.9402969737,50.5539495019866,203.734094331253,"C"
13536.5984881427,51.5807693707526,200.235269476844,"A"
14197.7054815043,46.4334436382489,206.6237365418,"B"
16047.3271321743,52.7689102714721,200.944074213744,"B"
19930.4019491107,63.9648118551735,199.928029474621,"A"
15542.1049811597,55.2495981391689,191.210771979505,"A"
17352.7265126095,51.8394430880199,202.724129955986,"B"
15638.1952513094,52.3366619637846,196.504099753265,"B"
15044.2948899595,50.6630749315715,197.949888051462,"A"
17417.3766427073,52.0894803857808,200.998404406752,"A"
14295.4813583167,50.7532547974654,197.427054998417,"B"
18989.0597736541,53.3670129010664,200.036992041407,"B"
16747.8511783148,51.3563951369056,199.149213866251,"A"
19622.0598786596,57.2427720667326,209.149480876306,"A"
17963.5913345086,52.3891279814619,207.03428560581,"A"
15531.5156531667,48.2653515313628,207.968255532923,"C"
16915.8921305222,45.8066344228453,199.747666479525,"C"
18495.1217788954,53.2327483220098,214.648254732879,"B"
13202.9911866182,41.0542375774507,201.807559379264,"B"
16232.9879802047,50.2678087031347,198.69512232253,"B"
14831.056378594,48.4157475343348,191.90753565627,"C"
15074.7138152615,48.0317908766091,199.013235160726,"C"
14472.9567490121,50.2522271147058,200.379134472502,"A"
18270.3582618354,59.4102032736592,202.020442810473,"B"
19745.0509307925,61.4810034218527,198.452432992845,"C"
14029.3972773753,47.5074464895986,203.218661634617,"B"
15688.4160217825,47.3922203936203,200.160608022606,"C"
14270.0645707373,51.6918886856219,208.772615767568,"B"
15649.3973983128,45.9191434789159,204.413817030076,"A"
15738.1522389159,44.8535356029247,202.67789884152,"A"
17204.7324720002,51.7476550409297,199.42595677025,"A"
14469.9364814528,46.5943147357629,201.584849491477,"B"
16267.4306965048,55.5948853876142,196.103784507169,"A"
15775.1790781537,52.1052483173327,198.807212165272,"C"
19299.4626121581,59.8661767181397,206.96671621619,"B"
16717.7568563548,46.8441720530304,202.226650894213,"A"
15991.9834176147,54.0441357206852,199.579904657648,"B"
14468.1192186996,48.6951120204026,195.910084617493,"B"
14793.6271064531,47.967396004066,202.837541931855,"B"
15397.8444821923,51.8306540329191,197.274997615364,"B"
15510.4373548388,54.3345032093772,195.314709004834,"A"
13501.5366151456,39.6581366850258,203.927914449216,"C"
13719.2522334154,44.4824467068493,191.380226140507,"A"
18093.3925873833,52.01389325191,204.622330379695,"B"
14507.013392291,49.2706303910121,203.033976953933,"C"
16336.4576489892,53.7993293039171,198.550840604658,"C"
17757.5297648332,52.6321525075561,201.264470815365,"A"
16004.7411787548,52.2122014253613,198.89439333432,"C"
16204.0509091105,52.9721975223186,201.628696940113,"C"
14465.9783236517,44.9626497524664,200.564462498605,"B"
17837.3036400382,53.3188490782247,188.286114572813,"B"
12689.0092948114,40.0143611768192,200.046094967509,"B"
14413.4476747147,44.9930607683369,202.44499563941,"B"
15072.6343501099,49.8986798690958,193.941928940894,"C"
19169.0154114478,63.1981695424027,201.904555590291,"C"
15987.7634044376,48.976599493498,207.137357745925,"C"
16843.6126901037,47.9652754484375,199.920108660027,"B"
17419.4202725949,50.7267253558962,202.986554150681,"A"
13058.8368901314,44.8246082479228,206.882404956322,"B"
16926.3081348078,53.7516248048346,198.665137754427,"B"
14056.4777951254,50.7430222285423,195.003292513685,"B"
12532.8872962801,42.778571857818,199.877828871246,"A"
16441.8583399057,49.8365097961062,200.844155486086,"A"
13009.9887798131,36.8825736431291,208.531793867012,"B"
14733.207844879,45.1771464358705,200.736238689437,"A"
15919.2375921339,48.3345042304868,195.402278660603,"B"
16044.0887536401,44.506761969289,199.875056304016,"B"
16569.8381272975,47.2325336903861,197.255182695909,"C"
16037.457178293,49.7450330357771,192.411672504254,"B"
14987.8644385555,49.2755902318825,200.045641834781,"B"
17134.5524009199,51.7219642379351,214.697405431582,"A"
16041.6384337226,46.5899187575062,199.962147488727,"A"
16460.6998701501,54.3544260919148,202.298933942058,"A"
11615.5643205577,41.9482695265707,199.588717870457,"A"
14309.6480933817,46.8053040478327,201.503362399777,"A"
12855.5459031541,48.0029522104488,192.613545380688,"B"
19556.0603569704,57.0279475083066,199.64244565763,"B"
13796.1017849924,49.2117363638682,199.988116400412,"B"
14458.6740756027,50.2368698381702,200.866192715314,"A"
13968.0515966464,41.1750386774526,203.826877183272,"B"
15966.3020011439,46.0436251977718,208.576819298436,"C"
14683.0309526827,47.3074285746774,198.43845845306,"B"
15393.4133514038,48.6062498459469,196.338402024358,"B"
18336.4019195126,60.5332855955976,199.208399331674,"B"
18097.3882718261,61.8727459319209,204.24464361656,"B"
15128.9069961786,49.0457491128445,192.949643917331,"B"
13079.3238218971,38.08049274047,197.530724489073,"C"
14965.2150242585,48.4834042980169,203.832925914214,"A"
10599.0392147925,31.7206609858592,196.780586998888,"A"
17906.322228516,58.7853412788217,202.821603738544,"B"
15728.9809594146,54.0143324291635,198.180879924081,"A"
15065.0736158304,45.4921392091932,199.10848705657,"A"
15655.6449578858,45.5764325909141,202.984590494644,"C"
15575.9322356236,51.1843250765855,199.456243432506,"B"
17089.7811497431,50.7300842561031,201.04534614044,"B"
18118.8282664676,56.2064085347993,203.840448808582,"B"
17272.5859240419,46.1211931344004,198.697454066762,"A"
16413.8403598171,50.5766881297609,199.471085526565,"C"
20423.1943277987,68.2603331218205,198.910324878589,"B"
17848.0480067651,59.9421060165623,203.793653476042,"C"
14073.8851259911,43.882862544427,193.515848928314,"B"
14485.4530110984,46.3239744147435,203.190018432228,"C"
17770.959939913,49.4509533404941,200.873003061995,"B"
16824.6920507028,58.6988306339386,207.602020674638,"B"
15567.2092551976,49.2060041528603,196.192660494348,"B"
14503.049950143,48.6583754796241,199.372738555445,"A"
11275.8110317114,41.9938508438997,201.489071792771,"C"
15845.9287948732,48.8184192522678,195.630203664394,"B"
15411.2528966257,46.7065310147435,203.031663658267,"A"
19087.9390403493,62.9451534062205,202.649530799799,"B"
13049.7969208754,50.156576697367,198.337692626364,"A"
17853.3078182708,51.970547405751,199.444968689328,"B"
14914.462625894,47.9027172170123,201.884566958624,"B"
16917.8975107697,49.1433135490817,203.661372476709,"A"
16934.3284483423,50.9394869919482,199.870875821161,"C"
15878.2688975339,50.1635869376023,213.496306460791,"A"
19223.5007130284,56.1878285755007,201.951321835152,"C"
13763.6912585056,46.388543263369,200.018596493547,"C"
14480.8904429333,48.3721270595956,203.521791928123,"C"
11590.1911813443,39.4048697740417,203.171905463896,"C"
13101.4186303994,48.2065869137703,199.377019420439,"B"
17728.6747396722,56.7982634589683,201.020114082645,"B"
17663.7130689004,52.3487248429321,198.574439430585,"C"
16836.7406019413,57.0480556648341,196.948642793648,"A"
15375.3339927657,51.8440505338739,199.667452377737,"B"
18423.3484904222,48.4351092333019,203.506583807132,"B"
14612.8039169269,51.4493550571338,198.550543607807,"C"
15879.5867170416,50.3522484777295,203.275843555548,"B"
16388.8969884307,51.1553877658589,204.020043542199,"B"
13911.710236014,48.6071096005138,200.817985989154,"A"
13632.7873756911,51.7168244763392,191.765922397938,"C"
13255.8826027559,43.2778013182777,200.664925366483,"C"
15647.9090036393,49.6033730734639,203.839859552265,"C"
15300.5891814095,46.4663536264878,206.774067994315,"C"
14911.4362429083,40.9673194664305,201.410800848814,"A"
18333.7114444757,52.528041779389,206.892290187072,"A"
13483.7653991028,40.8859428861149,200.846771189819,"A"
16494.7270357066,48.9418752925999,198.630540069738,"B"
17580.8464001198,52.8078649357169,197.459668247807,"B"
15035.5536531591,47.6343498084775,197.266968276011,"C"
15500.0892165684,49.0453784816276,198.568995781584,"A"
13888.7017052059,47.0717351283635,201.168332740543,"A"
14780.5291277302,48.6443761313103,197.358269792043,"B"
20507.5887146166,68.3910832954397,193.775193302479,"A"
12347.4083751604,43.5800915426681,199.855808363074,"B"
15040.084421526,48.7293811959507,193.443883129853,"B"
18093.7552011557,58.1411008321282,198.363649903496,"A"
15967.1159525492,50.712403860042,203.887056425019,"C"
15179.9375074423,47.8031737647777,204.866150254926,"B"
17914.0690628702,59.2791601233647,195.837706470186,"C"
18302.1653464292,55.249251362179,205.619392810732,"B"
13866.6230871236,50.1158841513663,201.493978913235,"B"
14630.1196606713,50.5010557060093,203.214713775245,"C"
18491.6390492083,56.9668944339128,204.902659566388,"B"
17668.5657300003,58.4784644713967,200.276555961138,"B"
17976.3770837466,56.3052706874504,203.797457831183,"B"
13307.4819475077,44.3908251572521,197.948722952423,"A"
16722.6499453582,52.2694302405234,203.60664897163,"A"
15447.7175664051,47.8286944567128,196.775130500125,"B"
16102.4442834421,47.7284633752824,201.901232091838,"B"
17873.5713997553,52.8458244636589,208.784518105173,"C"
13099.0297243733,41.7527177100556,201.096905524287,"A"
16709.7047061054,51.1748242517927,205.744241557489,"B"
17407.2123569499,57.90831420681,197.655453400297,"B"
15653.3208640353,49.853561817335,202.265351346045,"B"
17098.6045782022,50.0216081734106,207.393713871717,"B"
11840.3631771407,44.4988593521482,198.944496168036,"A"
14812.2306971442,48.0195745323185,198.856616083884,"C"
9084.26377688144,32.8245364064124,203.197399020369,"B"
14862.9834832861,45.7112236284093,203.907784053931,"B"
16189.3946759519,49.8833835805156,202.676157544955,"C"
13612.4384996144,49.2098951426118,199.05456681044,"B"
15583.7362949406,48.7665784726477,200.291468706359,"B"
18547.712396859,62.7546030978164,195.03634178072,"A"
17456.233640328,54.521115796726,201.173682071328,"C"
15089.3859343287,48.8113382715427,197.728004155926,"C"
16133.7936022503,49.9641443542021,200.972849346378,"B"
14203.4905326672,48.2364003055694,200.307180683286,"B"
21599.3752596609,65.0991024229847,195.239491674254,"C"
16476.5027085046,48.3936367264351,199.593233251858,"A"
17067.9697595731,52.1536428878182,202.024981985261,"B"
16986.2456303171,53.4404992172951,201.702922290234,"C"
15265.70635356,47.1057803914629,198.238312209309,"A"
18841.1258585318,57.3754338905769,199.891585899462,"A"
15465.5583722326,46.1852631233581,201.587727285517,"B"
17698.3927102847,49.0581489087423,208.339936258246,"A"
12531.4378059858,44.9139930464848,200.569345017544,"B"
15180.9990984811,46.7192965384369,202.80488199278,"A"
16377.1557394739,54.9130262497245,196.039192680589,"B"
17540.2527902006,49.2018392265317,203.444046019456,"A"
15242.674385641,48.3917354813185,205.190847991148,"A"
15523.4392585252,50.601163246518,200.047933761052,"B"
12427.8316690008,48.2289739411557,201.368210146844,"B"
11564.7400053148,32.7222295597721,204.905764558458,"B"
16763.3748168403,52.4086632176065,199.344443942525,"B"
15573.4097608405,51.6849164545413,202.683125823983,"B"
14671.9860866456,45.8050219913393,201.072496883876,"B"
13806.9906499323,51.0536180218403,198.661676690107,"C"
16570.6909234456,52.6278386572174,187.332642390258,"C"
16235.537027434,50.6379090855188,198.551366308772,"C"
15494.0077993823,48.6548568044458,204.235671834357,"C"
13307.9853586676,47.1885111479718,201.342130374154,"A"
15209.7244244768,50.8820614291947,202.751192539017,"B"
19370.9396902757,57.8558229087091,204.432331923112,"C"
17526.1794681005,52.3683604213015,198.361200388777,"C"
18327.6277489177,53.5170139295426,197.534613507219,"C"
20172.0636409254,65.2585608843751,201.303735454875,"B"
17732.010945453,54.7804682465362,194.099320459979,"A"
23706.1825070408,68.6893480475417,195.604858376665,"B"
17713.270289275,56.6355303719072,205.323329092549,"A"
17348.5473395598,54.7816461895789,193.467969974594,"A"
14568.4494248394,46.4569366679638,201.311440905393,"B"
13544.5291377255,46.9604001091316,190.31983923168,"A"
14256.986694901,48.5381447658098,194.858014297978,"C"
14968.9594794675,53.3720766507523,197.739264982523,"A"
14426.3356508106,51.2481327369457,209.876559353409,"B"
17010.9369728083,57.2969025206883,198.700194959634,"A"
16678.6919363437,52.0369442732164,199.840462241347,"A"
12121.4190895373,42.4408392401798,211.864006941628,"B"
13108.408124577,45.1763933733259,199.696510555636,"B"
14036.7105995992,53.5707454278131,193.816773300479,"A"
17191.5414500602,57.8179461134832,199.13394498402,"C"
15624.8130175705,46.8106811398656,205.070139447088,"A"
16132.5413483842,50.7714867287794,198.429499245624,"B"
14778.3329397346,43.0806827302874,194.172095394909,"B"
17613.6195491801,53.2408610013615,194.191406456753,"A"
16140.382141131,49.7612361880709,199.335347314593,"A"
14642.2951996443,48.0322434058231,204.968124856945,"B"
17449.2848328012,59.5957521427486,191.257737603293,"C"
13625.779553429,40.739836783791,194.143569796117,"A"
11413.18731019,42.633827363549,185.175487121932,"B"
17327.2933919999,55.5460317313764,200.414224260224,"C"
12736.845583599,43.8829515435741,189.621167190445,"A"
12649.185730876,42.0502717851244,199.087038254792,"C"
17096.7269083391,54.9270742482537,200.718195807548,"A"
15572.6552449292,47.7122101672304,190.997913575517,"B"
18139.296134245,55.9176837196061,197.338183410343,"C"
17400.3574300859,49.1140892906463,203.088445594574,"A"
18426.6392302381,62.0414399958721,195.342289072888,"C"
16781.2306678229,49.7960208294222,201.558656220124,"B"
15592.7879621595,53.3053922075534,191.500637465683,"A"
15073.265074934,47.5045004013319,201.842755933636,"A"
16258.5838091737,56.2070806177805,198.579940816396,"B"
19388.5610687408,53.3055228140958,202.835863719413,"C"
16782.7166453137,58.4650170250726,199.840080913597,"C"
15179.0800403161,52.9201492767262,198.911772462212,"B"
12315.723658015,34.6283830860249,200.044417066847,"C"
14922.2443733872,49.4798870734396,199.146793594204,"B"
14408.0202981965,45.1303944957855,197.808407096859,"A"
18635.2634571699,56.6009158174587,198.985466402703,"C"
16833.5768752262,47.6144348442119,204.594465747069,"B"
18531.620281598,54.1780593725864,199.678877546232,"B"
13775.7485856548,47.7683683175084,197.932917949906,"C"
9628.39734242636,33.0150592420273,204.720382290363,"B"
16214.991664766,51.585019823262,197.63712794227,"C"
12534.9201629001,46.5492470376989,188.78647427605,"A"
14015.4236899118,47.6923645941006,199.640536119526,"A"
15344.3816125215,52.4337152181166,191.702072543731,"C"
13336.7873952863,42.5692839636474,201.856560762135,"C"
12978.3841192739,45.8781202267526,200.053239244077,"C"
16446.9698239744,54.1900434130379,202.180937925796,"B"
11801.5390635052,47.0925505318908,202.374878619989,"C"
13580.3903575631,47.1951761741224,204.704192747398,"C"
17760.5699504997,54.9184731541681,191.867536580173,"B"
15282.0868444234,51.772103499812,200.971359293674,"A"
15509.5606490183,44.8564826450969,213.273623266352,"B"
20217.0452909534,64.1539912524621,197.567794467396,"B"
16333.9916696953,48.8189639023161,196.337615896533,"A"
18941.220217622,58.0710729644597,206.918247029141,"B"
14823.1428877303,48.0592116862417,204.001624665572,"B"
14103.4757884589,48.4348040695211,197.195006840842,"B"
15830.582959199,54.6636374008445,200.780468515614,"A"
14360.7774055613,46.7306711873794,196.957060870778,"B"
15467.4776950818,50.6805296980555,197.020099319365,"B"
14684.5798682441,49.3624650024424,199.648208148212,"B"
18140.3756716373,56.2267934244351,201.966101306167,"B"
13710.2842747122,45.8692420080651,199.48135717789,"B"
13328.3755431168,46.2793935744619,194.965197140366,"B"
15103.8242085886,49.7225268917601,195.13420224351,"B"
15519.5744164556,47.335586748486,207.106797580929,"B"
15794.4851983382,54.2044928812756,196.991994753237,"A"
17242.5618910235,51.8340937863643,202.570729023316,"A"
14734.491521251,47.6675106372873,202.398045508462,"B"
12480.1845842926,42.7189063605718,202.226228124705,"A"
18273.8959709382,59.0930226728614,201.357965017501,"B"
16203.3028281614,51.5203882597586,202.003440107369,"A"
17295.155858865,61.647828625349,201.325350685198,"A"
16875.7720288829,51.6471796549803,197.678642454212,"B"
15768.0672214397,49.9816759372883,196.31455397232,"A"
17670.7930711747,54.4051512125081,199.697873548345,"C"
15367.961086689,48.5550725154071,199.306539031234,"A"
14322.6053474123,51.3823876986293,196.662295388646,"B"
15970.3558675128,51.5331056228142,199.70390547779,"C"
13465.9583801445,47.5749531009611,194.964014043827,"B"
16754.4861350545,57.9449071316791,200.650304521117,"A"
17196.9563173396,50.5237051690269,202.038033805555,"C"
15001.6963703339,60.3991206551541,196.739063118016,"C"
16549.7247651715,51.8328899919989,209.557112589007,"A"
15861.5492620105,52.1904251487205,195.458475032056,"A"
15913.6335185537,57.5116876230102,199.754851774986,"C"
16070.7282510187,55.4661394611291,208.219066597066,"B"
14702.7941655662,51.1558369099752,201.127178142625,"C"
15902.9592754523,52.9505413797178,206.665540396375,"C"
15614.5073571486,53.3921475253607,203.026863484237,"A"
19184.3307876634,58.0529898422605,201.498291494184,"B"
14646.3840809225,49.2253816247564,203.005019175156,"C"
13825.1728140668,49.6595879439774,198.334491556858,"B"
16200.6391192447,48.8891835696795,203.420734329552,"A"
15642.3569905226,47.9753367075533,198.410438201711,"A"
14296.4488018515,47.3874162800199,201.055084832985,"B"
15537.9679274524,50.19094322698,202.211144094394,"C"
10644.5292292012,32.6867853914345,199.302901631294,"A"
14795.56639888,46.0797084868498,200.63479826356,"C"
9830.24523581676,30.145138685172,202.15944719239,"C"
16748.3251034275,50.8403120907735,199.596162007429,"B"
12405.4018361203,48.6485221965851,208.309852505064,"B"
15164.8767585858,43.6956885246042,199.506556280764,"C"
14801.3151843693,45.5317709624283,189.129537954217,"C"
13789.162904418,37.638849038835,196.71796681655,"C"
14789.0859242223,52.5808377042349,200.44260858072,"A"
15530.5169903707,51.5725138888094,195.854553141312,"C"
12518.4950750686,47.8185888636343,202.099159137098,"C"
17967.0923473072,50.8538305531837,197.828771071775,"A"
20189.2981927783,64.2645845770404,207.414092175833,"C"
8286.83907113292,25.8809614335484,198.64934983621,"B"
15610.7820963663,48.5399893615775,193.161832626044,"C"
16033.6224168664,55.8873406288016,200.887914384051,"A"
13362.2223915564,47.005600397126,196.160902477059,"C"
13866.1662309634,53.3898479532928,199.599957081444,"A"
16029.3967922756,47.1129426943147,201.675594024635,"B"
16341.417579139,50.9225639725065,206.473359614863,"B"
19377.563989532,55.0971198829192,202.237563228847,"A"
16148.5200058942,51.8510115230314,197.837467558075,"C"
18715.1648956454,53.2190393031328,210.747401649091,"A"
14458.9026331177,50.4533886331011,201.167778447246,"A"
16207.7995862544,52.3946562864965,198.158823234908,"A"
17709.7749490611,53.8437723266001,200.762149687131,"C"
16912.354204971,51.5112159666809,207.888645303233,"C"
18933.14135727,63.3444169618755,197.77070081064,"B"
14770.7827029858,50.5770305348514,200.588931405525,"C"
15706.7344141649,55.5144196429472,188.227024496869,"C"
11122.3302056505,41.5488538478944,197.871568908419,"A"
16359.9156936517,47.4951413410868,199.250544935708,"C"
13124.6053336706,45.3954290600391,188.791739190794,"B"
14574.8732098658,45.6560760789475,200.276345509837,"B"
12923.2889889701,48.3838121959057,206.581047723233,"B"
17187.4888478861,54.3751141169261,200.448860017485,"B"
15628.7695784052,51.9187517253387,206.123944454626,"B"
17013.2022938489,64.0516756512012,191.977682133907,"A"
15377.3489641566,46.1304810910341,193.333732656956,"A"
15822.5947515342,49.6527459974075,198.461665719287,"A"
16347.1494173343,49.5608554874955,200.646320178436,"A"
15559.9661377286,51.90385103393,201.04230662723,"C"
14926.1195609328,48.2821492911741,198.009536850593,"B"
17065.1546847442,48.9604030121831,199.023913975782,"B"
16273.0404140897,54.3077564958643,203.892122087859,"A"
17139.6135908092,58.1564170043251,199.861802650538,"C"
17437.6201275764,52.7660463469264,202.097111931098,"A"
15801.236562648,52.4886272165761,201.68516472242,"B"
11759.9984349497,39.3271874631763,202.14180112854,"A"
15589.2431692207,50.3593807677341,199.105737770617,"B"
17097.1012862466,52.572133860638,199.794703571381,"B"
15687.0357692614,50.5450596476346,195.150325807481,"A"
14709.4362084117,46.6486753265535,194.24198286125,"B"
15549.4322841112,45.5180874943569,203.035751152658,"C"
15390.7454805752,49.520645823051,184.309143077986,"C"
15984.3985474519,48.1694855810746,199.739465823528,"B"
15569.2598994264,52.3411355341787,203.77782430471,"A"
10887.5855388012,36.5091709749351,196.98080371804,"C"
12962.1879231172,47.3588369616401,197.255444767687,"B"
18838.2155398164,52.6942535054054,195.256526745199,"B"
19441.7846510525,60.3575749337189,199.711898541882,"A"
13287.517385302,49.1047691777751,198.465783912231,"A"
17476.4213965317,53.7500762165573,194.128267569487,"A"
12523.6043801528,44.1121740449757,202.833130596135,"A"
18924.3942775725,53.0643744031222,204.226527998831,"B"
15616.349903216,50.6970480887873,201.09261859583,"C"
16145.9072783066,50.1490590021461,197.3192994399,"B"
17337.8525573676,57.870806637979,193.938633882375,"C"
14307.7946117134,45.5958923201441,199.76627169089,"A"
14825.3869393581,53.1249280315152,199.626483233218,"A"
13373.1572675154,40.8133655125018,201.751822236449,"B"
16799.8855146923,51.8809423557783,199.392557138028,"C"
19431.8455379996,66.00184375414,193.844876869815,"B"
16060.667565038,49.322715192678,201.709708827398,"A"
12951.2657476775,46.0539730028597,200.301683760102,"B"
21075.916226431,57.7465656957748,201.550599985546,"B"
14626.0862244475,48.9818274636246,196.255318756912,"B"
15857.7888430728,43.6303214073073,209.529396096328,"A"
13138.3631116227,40.6104631715673,199.992554814065,"A"
16914.0965758379,51.4944248068394,205.151995447892,"B"
18491.7327379288,56.7024242578228,200.758831880884,"B"
14735.4372282094,49.5738563965589,196.845138235219,"C"
13452.5909910296,43.7491143272668,206.73691829975,"A"
16147.0319178183,55.8277210930633,196.117532288617,"B"
15036.4460979957,50.2262548149639,185.65784362905,"B"
18556.147293806,55.2616506973369,200.699105431962,"B"
12803.8100827158,48.542195958677,196.072807140083,"C"
15342.6007879728,46.2074078942692,200.571615952541,"C"
13484.6167577429,42.9393544810509,200.259866709467,"B"
13469.9885765263,50.9479498589704,196.649229054004,"A"
17200.3533783044,46.6447755491709,202.634712019233,"A"
14237.6666137971,47.1134332008872,196.667539918645,"C"
15658.4163937765,49.9188832147557,194.567756480585,"A"
18782.3942126832,54.5169388297956,202.221274617327,"C"
15235.9459640063,50.7462160065094,199.897884231747,"A"
11840.6812140277,40.5504014550321,201.407621193483,"A"
15480.7717976359,51.8159597904046,197.666285185282,"A"
16646.22246362,59.2169264223442,195.693673577619,"C"
15098.4946610763,48.7447958611737,197.016188941039,"A"
13107.6789571528,49.5204348478679,192.535591632191,"A"
20617.6405860213,56.4504667688337,203.042530636329,"A"
16414.8934535155,50.2621126063085,204.343640469255,"A"
15241.6555111191,50.2841433038825,202.918188864598,"B"
9579.27568924591,31.8638306773105,199.944132405188,"B"
14957.6630442687,50.3073312677808,203.239466520865,"B"
17979.1514823547,47.6564227260835,202.714808345817,"B"
15746.6160388391,49.6064403384571,197.820761458188,"C"
17083.5148932101,46.9453994774194,208.583683276085,"C"
12163.0953343311,40.4063147443873,198.980434808704,"A"
16140.2349260094,51.2001368891778,195.958376877983,"A"
19286.1879905807,66.0509756158782,196.70592670731,"C"
16035.0819459443,48.2285194154354,194.161779898298,"B"
13886.0059964383,45.9077908370234,201.950983046738,"A"
14264.7160738432,49.1483038393231,198.480832012094,"B"
13647.614070314,52.221889573551,196.135076440522,"C"
16533.249548621,57.5702424219419,202.118311698688,"C"
14106.5291595266,46.8575673883454,194.243303183619,"B"
16564.0219625624,56.758996866801,201.174818179575,"C"
19040.01822409,66.9954123640026,201.523625762358,"A"
17631.2731744496,52.3770323615811,198.393026041822,"B"
12651.3711894593,50.6281852582833,199.563011545987,"B"
16184.0000232328,50.0895226686199,200.836822650151,"B"
16784.7522555067,56.027447662936,201.923926479513,"A"
14532.6310767115,43.5124027107576,201.443458303083,"A"
16171.0912562199,51.7002105349641,190.754449981136,"B"
21865.8402794261,66.7127893492623,200.078981253237,"A"
14346.6846040239,47.2513849296059,200.844354441585,"C"
12649.2266920374,40.5137395379387,201.410029057653,"B"
14968.1009255119,50.3638046503294,199.450873792727,"A"
15835.5671037341,51.1639605949273,206.626193945107,"A"
15981.010776476,47.268321538329,199.519005574654,"B"
14645.2454729716,52.2307110877067,206.035382790774,"B"
18822.6113918498,62.2158573048917,189.363803409499,"C"
17768.0407988059,57.9563523541701,200.033777004808,"B"
15929.864746992,50.8926805135492,198.276324184506,"C"
14984.8415974457,53.7537369043209,198.247591857947,"A"
13607.2807710975,47.9050377534275,198.81472257865,"A"
15177.5954484678,45.6615831249617,199.831509165086,"B"
16931.6474841807,51.5928180050796,201.641925043522,"B"
13661.5425657371,45.5399800777216,209.956946684964,"C"
13716.0063013786,51.6339698048302,199.642137699826,"B"
15287.9954177512,49.5547308845706,191.906429497373,"A"
15333.6761219279,50.6203472078373,191.942009017597,"C"
18104.2053166221,66.806125309187,196.536036106387,"C"
13972.4428567234,52.8986147382493,199.270226682193,"C"
15223.5089046595,43.144093297178,200.452199873366,"A"
15037.5145916163,47.2428534835774,200.407373928666,"C"
16993.7887458103,52.2342284517023,205.959964176248,"C"
15450.8247782059,53.9955390172272,200.663832459344,"B"
14600.6066899019,49.0207717127589,195.404980442658,"B"
18970.1038803254,55.4331679991949,201.228390199798,"B"
16821.8271904995,52.7262781930369,205.89526518062,"C"
16137.079335386,56.5285523610871,197.39183158592,"A"
17433.6354596038,53.6906111145198,203.489920477494,"A"
15296.5676707122,50.4624362046169,207.105662347738,"C"
18071.521380505,52.184272868943,201.914394706464,"A"
16464.695630928,52.347081601334,188.907262335225,"B"
20108.8177299955,65.3280947039485,206.237239909034,"B"
16052.4170272572,53.3834095082559,202.832847040755,"B"
12441.266035932,46.263171713742,200.589065916396,"B"
20990.2806818688,58.8022720653114,201.611634193184,"A"
16811.5969915121,50.6544172206827,206.963142880794,"C"
14540.5581271638,49.2001881314496,197.573659381963,"B"
15946.3413181945,52.7807965489223,199.793020713357,"A"
15439.6157840615,53.0333996778392,202.819150940012,"B"
14371.2654760644,46.8213624331539,199.632045135734,"B"
15736.3645323602,53.1119057028448,200.480848130517,"B"
17125.1853222595,53.1950995008521,196.80502455692,"C"
16524.7899616378,52.1478302263024,198.232361957749,"B"
16700.2157670979,55.3754574749809,202.804294393557,"C"
14608.4371223795,50.8462833839964,201.767138099329,"C"
14432.8946814225,49.0892800562881,208.620048208367,"C"
22415.2375375312,68.5369884668879,196.585757206967,"A"
13158.2688529004,41.8714117231254,195.863314946698,"A"
14807.2047241387,48.6867287901063,198.423975539603,"C"
13358.659175788,44.9603432531726,198.421644534983,"A"
14316.8113226096,49.9364391602225,196.895096534393,"B"
11991.6800153149,38.4053110659278,200.753452434949,"C"
14680.0523538701,51.0526268515717,203.977314307284,"B"
19827.7995460122,52.6479183071048,198.864832289231,"A"
16868.2121470871,58.2283280035657,200.276648403709,"B"
16554.847895219,51.6574374024182,197.494944294855,"B"
16109.8028528815,53.7267828706112,198.208453846157,"B"
15203.1550316232,54.2732426249537,200.720453049225,"B"
15840.894033073,48.317563535454,206.669618573378,"B"
14927.9653328779,55.6324539633847,198.522463780123,"B"
15884.0759520944,47.6177917358533,200.402013407274,"C"
11580.5292213653,40.7864886806194,196.740301636609,"C"
10566.1826756229,40.2871775843869,200.470380235117,"B"
15169.9622164861,48.8971214965446,204.681371442544,"B"
18888.4244176544,60.0507818724224,200.690930905987,"B"
17678.4496736804,54.4536454080602,200.428627667387,"C"
10758.734903416,46.7480847562888,199.570915444477,"C"
16832.6465206583,53.3215449311004,203.127533049869,"B"
16150.5726862971,49.0873962045116,199.656920655262,"A"
12265.269174051,41.0191249952823,200.617145501584,"C"
15411.2428672832,48.6582175447819,204.891691176314,"C"
11859.2556274582,39.7214245696968,196.323588031694,"C"
16256.3140559192,50.5247720619155,195.545645498032,"B"
15079.0358023701,47.70463951365,202.038626823601,"C"
14487.9125548623,46.4737943909267,200.041442151283,"B"
13499.9180834498,47.3744638343545,204.240731356614,"C"
11973.6634271789,36.892120613937,199.526524023703,"B"
16868.100447179,55.39092468034,199.007676646291,"B"
18591.0762079233,51.1036526541542,194.465028901423,"B"
9865.52842736949,39.6516866179261,202.995777441619,"B"
16533.1155220782,49.5165960761817,207.17926895371,"C"
17889.078700088,54.3749905786825,204.671832791865,"A"
17543.6805557191,55.99666209753,199.551932840147,"C"
15440.3159922633,53.1616250666794,195.64505859134,"C"
19639.5688428222,58.1668204829087,200.990153640062,"A"
14914.0145742392,51.0374761750444,210.185327937217,"B"
9594.21479893795,32.9588061510218,202.113654303305,"A"
11458.7394074786,41.9639403008649,202.365185686783,"B"
14333.5713838165,46.9203358943146,203.389604764367,"C"
19232.5244590723,52.2656790268052,200.233136927492,"B"
14932.4602352411,45.0838651831632,202.603643695295,"C"
16301.2402470983,52.8516470764071,195.787112768413,"B"
17301.7639156227,59.3801252389931,202.830773895227,"A"
17405.4059227786,53.3770720948241,209.601920473383,"B"
16110.8918600279,42.3773671526239,200.883254495357,"B"
17855.2336635923,53.4192038326995,197.985201790334,"C"
14492.4492270808,53.3305791163988,197.212030044188,"B"
11416.9123477538,38.8878113572768,196.298529260129,"B"
16171.3417297845,50.5753703585588,200.308326334759,"B"
14519.1345224929,45.7791021131343,201.256688516012,"B"
16049.0921304679,49.665234760989,207.428504450451,"B"
15372.4667266642,50.9909155169533,192.953314181717,"C"
13965.2331841885,44.5223592091042,200.191098745784,"A"
15419.2065207554,48.3328577609821,198.825040846608,"A"
14270.9495284436,52.3253142430776,198.908577444577,"A"
13554.70337972,52.0461148159277,193.344277455431,"B"
12000.3188889869,38.8159384221199,195.4583804795,"C"
15303.289273105,52.1656498095414,196.853388987609,"B"
12883.7230474574,46.7683476785166,193.945335935507,"C"
13570.5495251572,51.2692459021772,199.191811123617,"A"
18934.3401475376,53.4523497851414,206.921632379168,"C"
12357.4144413098,44.0504523493889,204.171235274685,"B"
16155.2471275463,48.8740167794522,199.919800591675,"C"
15128.5818828484,49.7037846416752,198.241060422304,"C"
19417.0609271059,65.4230785891105,200.42405880533,"B"
15651.539988122,49.3156527929905,191.119453517012,"B"
15583.4724521332,41.4257351562043,203.885470240672,"C"
18430.5940621922,51.8929922350337,203.109715184298,"C"
14993.6404115487,52.1452275037157,197.148725552588,"B"
17298.6764909424,52.3058162036162,196.197764630838,"C"
12839.3990896124,51.369079928604,203.699668714936,"C"
10119.7556355983,38.8084936008229,199.732279206984,"C"
18986.5862120882,56.5558837105905,201.963543748733,"B"
14663.3320560391,50.8306311106613,185.650097116677,"A"
15547.6019322822,49.3842933852459,199.763567584771,"C"
15186.3834908581,50.6033853816305,200.424781362024,"C"
15952.9939969876,49.3280622017522,200.305554102587,"C"
13473.8289330361,39.5750919833716,196.606512551129,"B"
14740.8756593508,47.7186858221032,198.294761194898,"C"
16807.1115219469,51.8598960580539,199.439960240601,"A"
17449.9232739669,56.6633031629882,196.814946067843,"B"
12121.7667659054,36.1099176147394,197.951778101009,"A"
18078.4383041696,55.1314631833706,200.751821195451,"B"
16519.2157932751,51.8535764391892,196.022853280941,"C"
19091.9414224888,63.6086419946908,201.150000588458,"B"
13963.6732832557,47.0198795888898,198.261358879207,"A"
12444.3918841568,46.3323455152823,193.932405825045,"A"
